City_ID,City,Lat,Lng,Max Temp,Humidity,Cloudiness,Wind Speed,Country,Current Description,Date
0,Victor Harbor,-35.5667,138.6167,64.72,55,100,7.85,AU,overcast clouds,2021-11-07 01:05:26
1,Hilo,19.7297,-155.09,85.28,76,3,3.0,US,clear sky,2021-11-07 01:02:44
2,Vaini,-21.2,-175.2,82.56,89,75,10.36,TO,broken clouds,2021-11-07 01:05:27
3,Leningradskiy,69.3833,178.4167,-5.94,89,3,5.39,RU,clear sky,2021-11-07 01:05:22
4,Kapaa,22.0752,-159.319,84.18,75,40,3.0,US,light rain,2021-11-07 01:05:27
5,Puerto Ayora,-0.7393,-90.3518,69.37,77,49,9.73,EC,scattered clouds,2021-11-07 01:05:28
6,Batagay,67.6333,134.6333,-11.15,92,47,4.34,RU,scattered clouds,2021-11-07 01:03:53
7,Kamenka,51.3223,42.7678,40.57,93,0,8.3,RU,clear sky,2021-11-07 01:05:28
8,Victoria,22.2855,114.1577,82.45,82,1,1.01,HK,clear sky,2021-11-07 01:03:15
9,Bredasdorp,-34.5322,20.0403,48.27,81,27,2.15,ZA,scattered clouds,2021-11-07 01:05:29
10,Ushuaia,-54.8,-68.3,42.46,93,90,3.44,AR,light intensity drizzle,2021-11-07 01:05:29
11,Busselton,-33.65,115.3333,60.04,51,13,7.36,AU,few clouds,2021-11-07 01:05:29
12,Hobart,-42.8794,147.3294,65.01,53,75,1.01,AU,broken clouds,2021-11-07 01:05:30
13,Iqaluit,63.7506,-68.5145,22.69,73,100,13.0,CA,overcast clouds,2021-11-07 01:01:27
14,Khatanga,71.9667,102.5,10.76,95,100,4.9,RU,overcast clouds,2021-11-07 01:01:15
15,Albany,42.6001,-73.9662,37.53,76,0,2.46,US,clear sky,2021-11-07 01:05:30
16,Reitz,-27.8014,28.4273,57.22,75,13,4.05,ZA,few clouds,2021-11-07 01:05:31
17,Punta Arenas,-53.15,-70.9167,50.11,81,90,8.05,CL,overcast clouds,2021-11-07 01:05:31
18,Arraial Do Cabo,-22.9661,-42.0278,69.42,73,10,5.46,BR,clear sky,2021-11-07 01:05:31
19,Matay,28.419,30.7792,68.34,73,0,12.08,EG,clear sky,2021-11-07 01:05:32
20,Ponta Do Sol,32.6667,-17.1,68.63,69,36,8.41,PT,scattered clouds,2021-11-07 01:05:32
21,Bonthe,7.5264,-12.505,79.74,82,100,3.62,SL,overcast clouds,2021-11-07 01:05:32
22,Manado,1.487,124.8455,81.37,89,40,3.44,ID,scattered clouds,2021-11-07 01:05:33
23,New Norfolk,-42.7826,147.0587,64.65,27,8,0.47,AU,clear sky,2021-11-07 01:05:33
24,Bathsheba,13.2167,-59.5167,80.62,79,46,15.7,BB,scattered clouds,2021-11-07 01:01:07
25,Tiksi,71.6872,128.8694,-0.35,87,100,15.19,RU,overcast clouds,2021-11-07 01:05:34
26,Coxim,-18.5067,-54.76,73.8,88,77,4.52,BR,broken clouds,2021-11-07 01:05:34
27,Tasiilaq,65.6145,-37.6368,24.96,78,75,8.34,GL,broken clouds,2021-11-07 01:05:34
28,Hualmay,-11.0964,-77.6139,65.37,82,94,9.86,PE,overcast clouds,2021-11-07 01:05:35
29,Kaitangata,-46.2817,169.8464,59.94,71,100,7.2,NZ,overcast clouds,2021-11-07 01:05:35
30,Hamilton,39.1834,-84.5333,48.02,68,1,0.0,US,clear sky,2021-11-07 01:02:10
31,Hermanus,-34.4187,19.2345,56.89,78,17,5.61,ZA,few clouds,2021-11-07 01:05:35
32,Dulce Nombre De Culmi,15.1,-85.5333,68.88,96,98,3.87,HN,overcast clouds,2021-11-07 01:05:36
33,Dingle,10.9995,122.6711,83.62,78,92,11.25,PH,overcast clouds,2021-11-07 01:05:36
34,Cape Town,-33.9258,18.4232,58.26,75,82,3.0,ZA,broken clouds,2021-11-07 01:01:18
35,Yaan,7.3833,8.5667,75.99,88,100,8.46,NG,light rain,2021-11-07 01:05:36
36,Kruisfontein,-34.0033,24.7314,58.89,78,100,4.47,ZA,overcast clouds,2021-11-07 01:05:37
37,Lima,-12.0432,-77.0282,65.89,78,25,7.38,PE,scattered clouds,2021-11-07 01:00:59
38,Thompson,55.7435,-97.8558,30.36,93,90,2.3,CA,light snow,2021-11-07 01:00:52
39,Tromso,69.6496,18.957,32.38,93,0,2.3,NO,clear sky,2021-11-07 01:05:37
40,Hay River,60.8156,-115.7999,32.36,98,100,6.82,CA,light snow,2021-11-07 01:05:37
41,Port Hardy,50.6996,-127.4199,41.49,85,100,8.32,CA,overcast clouds,2021-11-07 01:05:38
42,Rikitea,-23.1203,-134.9692,75.72,81,96,15.17,PF,overcast clouds,2021-11-07 01:02:07
43,Yellowknife,62.456,-114.3525,31.41,91,100,8.99,CA,overcast clouds,2021-11-07 01:05:38
44,Sayhat,26.4852,50.0405,80.58,45,0,7.09,SA,clear sky,2021-11-07 01:05:38
45,Newala,-10.9431,39.2787,64.49,97,100,4.27,TZ,overcast clouds,2021-11-07 01:05:39
46,Bengkulu,-3.8004,102.2655,73.42,95,100,15.7,ID,overcast clouds,2021-11-07 01:05:39
47,Belmonte,-15.8631,-38.8828,77.5,89,100,8.3,BR,overcast clouds,2021-11-07 01:05:40
48,Muroto,33.2833,134.15,65.97,66,3,17.58,JP,clear sky,2021-11-07 01:05:40
49,Betare Oya,5.6,14.0833,67.15,94,93,1.92,CM,light rain,2021-11-07 01:05:40
50,Faanui,-16.4833,-151.75,80.37,69,98,4.12,PF,overcast clouds,2021-11-07 01:05:41
51,Honiara,-9.4333,159.95,87.28,62,7,7.45,SB,clear sky,2021-11-07 01:05:41
52,Bukama,-9.2,25.85,70.14,79,99,2.26,CD,overcast clouds,2021-11-07 01:05:41
53,Dukat,62.55,155.55,18.63,96,100,5.91,RU,overcast clouds,2021-11-07 01:05:41
54,Whitehorse,60.7161,-135.0538,33.03,94,100,4.47,CA,overcast clouds,2021-11-07 01:05:42
55,Kodinsk,58.6881,99.1844,22.24,90,98,9.17,RU,overcast clouds,2021-11-07 01:05:42
56,Poum,-20.2333,164.0167,73.15,73,35,3.67,NC,scattered clouds,2021-11-07 01:05:42
57,Wagar,16.1525,36.2032,79.99,50,0,8.1,SD,clear sky,2021-11-07 01:05:43
58,Jambi,-1.6,103.6167,78.46,90,100,2.68,ID,overcast clouds,2021-11-07 01:05:43
59,Balabac,7.9868,117.0645,84.38,72,100,9.22,PH,overcast clouds,2021-11-07 01:05:43
60,Guerrero Negro,27.9769,-114.0611,67.84,79,100,11.36,MX,overcast clouds,2021-11-07 01:03:52
61,Santa Rita,-7.1139,-34.9781,79.47,89,40,5.75,BR,scattered clouds,2021-11-07 01:05:44
62,Weihai,37.5017,122.1136,60.58,67,100,6.35,CN,moderate rain,2021-11-07 01:05:44
63,Pudozh,61.8099,36.5345,36.97,96,100,7.65,RU,light rain,2021-11-07 01:05:44
64,Babol,36.5513,52.679,52.27,72,100,2.59,IR,overcast clouds,2021-11-07 01:05:45
65,Qaanaaq,77.484,-69.3632,5.72,74,90,7.63,GL,overcast clouds,2021-11-07 01:05:45
66,Flin Flon,54.7682,-101.865,34.95,90,89,4.68,CA,overcast clouds,2021-11-07 01:05:45
67,Jayanca,-6.3908,-79.8219,67.68,74,100,9.48,PE,overcast clouds,2021-11-07 01:05:46
68,Saint-Georges,12.0564,-61.7485,80.82,77,99,12.53,GD,overcast clouds,2021-11-07 01:05:46
69,Bethel,41.3712,-73.414,41.65,76,1,0.0,US,clear sky,2021-11-07 01:05:46
70,Barrow,71.2906,-156.7887,21.22,86,90,9.22,US,overcast clouds,2021-11-07 01:05:47
71,Saint-Pierre,-21.3393,55.4781,69.48,75,0,5.75,RE,clear sky,2021-11-07 01:05:47
72,Katherine,-14.4667,132.2667,79.12,83,40,6.91,AU,scattered clouds,2021-11-07 01:05:47
73,Saskylakh,71.9167,114.0833,-1.75,98,31,7.54,RU,scattered clouds,2021-11-07 01:05:48
74,Aitape,-3.1374,142.3475,86.38,61,52,4.38,PG,broken clouds,2021-11-07 01:05:48
75,Kahului,20.8947,-156.47,86.02,59,1,25.32,US,clear sky,2021-11-07 01:05:48
76,Mahebourg,-20.4081,57.7,73.26,78,44,10.92,MU,scattered clouds,2021-11-07 01:05:49
77,Hofn,64.2539,-15.2082,36.95,90,100,7.81,IS,overcast clouds,2021-11-07 01:03:11
78,Katastarion,37.8333,20.7667,66.11,64,100,6.29,GR,overcast clouds,2021-11-07 01:05:49
79,Talnakh,69.4865,88.3972,18.9,93,100,18.92,RU,light snow,2021-11-07 01:02:36
80,Christchurch,-43.5333,172.6333,64.47,75,90,8.01,NZ,overcast clouds,2021-11-07 01:04:56
81,Bontang,0.1333,117.5,81.81,79,100,2.82,ID,overcast clouds,2021-11-07 01:02:43
82,Mataura,-46.1927,168.8643,65.48,35,74,2.13,NZ,broken clouds,2021-11-07 01:05:50
83,Port Alfred,-33.5906,26.891,63.34,88,100,2.01,ZA,light rain,2021-11-07 01:05:50
84,Adeje,28.1227,-16.726,67.95,62,20,1.01,ES,few clouds,2021-11-07 01:05:51
85,Butaritari,3.0707,172.7902,82.33,67,27,15.75,KI,scattered clouds,2021-11-07 01:05:51
86,Shimoda,34.6667,138.95,58.1,88,100,14.29,JP,moderate rain,2021-11-07 01:05:51
87,Sinnamary,5.3833,-52.95,79.02,86,100,7.43,GF,light rain,2021-11-07 01:01:13
88,Maldonado,-34.6667,-54.9167,56.23,88,2,2.59,UY,clear sky,2021-11-07 01:02:03
89,Saldanha,-33.0117,17.9442,59.38,69,100,17.81,ZA,overcast clouds,2021-11-07 01:05:52
90,Avarua,-21.2078,-159.775,78.85,61,40,8.05,CK,scattered clouds,2021-11-07 01:02:30
91,Klaksvik,62.2266,-6.589,47.32,96,100,24.2,FO,overcast clouds,2021-11-07 01:05:52
92,Kortkeros,61.8106,51.5806,39.2,92,100,10.27,RU,overcast clouds,2021-11-07 01:05:52
93,Anadyr,64.75,177.4833,-5.75,98,100,4.29,RU,overcast clouds,2021-11-07 01:05:53
94,Tarakan,3.3,117.6333,80.01,84,90,5.01,ID,overcast clouds,2021-11-07 01:05:53
95,Luderitz,-26.6481,15.1594,57.38,74,5,17.78,NA,clear sky,2021-11-07 01:05:53
96,Ronne,55.1009,14.7066,49.91,87,90,23.02,DK,light rain,2021-11-07 01:05:54
97,Yucca Valley,34.1142,-116.4322,71.83,28,0,4.0,US,clear sky,2021-11-07 01:05:54
98,Cabo San Lucas,22.8909,-109.9124,80.06,68,30,6.11,MX,scattered clouds,2021-11-07 01:05:21
99,Aklavik,68.2191,-135.0107,12.92,97,91,2.53,CA,overcast clouds,2021-11-07 01:05:54
100,Brody,50.0879,25.1503,37.53,84,6,6.46,UA,clear sky,2021-11-07 01:05:55
101,Shanting,35.0753,117.4578,48.2,91,100,11.23,CN,moderate rain,2021-11-07 01:05:55
102,Dikson,73.5069,80.5464,17.4,95,100,3.18,RU,light snow,2021-11-07 01:05:55
103,Namibe,-15.1961,12.1522,70.79,79,100,1.79,AO,overcast clouds,2021-11-07 01:05:56
104,Sao Filipe,14.8961,-24.4956,78.75,72,57,9.33,CV,broken clouds,2021-11-07 01:05:56
105,Laguna,38.421,-121.4238,62.26,73,20,0.0,US,few clouds,2021-11-07 01:05:56
106,Sao Joao Da Barra,-21.6403,-41.0511,68.9,78,86,5.88,BR,overcast clouds,2021-11-07 01:05:56
107,Aksu,41.1231,80.2644,26.26,30,3,3.78,CN,clear sky,2021-11-07 01:05:57
108,Skelleftea,64.7507,20.9528,28.76,69,45,6.91,SE,scattered clouds,2021-11-07 01:05:57
109,San Vicente,-26.6167,-54.1333,65.66,90,88,6.15,AR,overcast clouds,2021-11-07 01:05:58
110,Valparaiso,-33.0393,-71.6273,56.84,76,0,4.61,CL,clear sky,2021-11-07 01:05:58
111,Kavaratti,10.5669,72.642,81.59,72,85,9.8,IN,overcast clouds,2021-11-07 01:01:14
112,Ust-Tsilma,65.441,52.1498,33.91,98,100,6.35,RU,light rain,2021-11-07 01:05:59
113,East London,-33.0153,27.9116,64.26,90,100,3.24,ZA,light rain,2021-11-07 01:06:00
114,Touros,-5.1989,-35.4608,81.5,82,3,11.12,BR,clear sky,2021-11-07 01:06:00
115,Lavrentiya,65.5833,-171.0,7.86,78,66,4.54,RU,broken clouds,2021-11-07 01:06:00
116,Saint George,37.1041,-113.5841,72.25,29,1,1.01,US,clear sky,2021-11-07 01:06:00
117,Codrington,-38.2667,141.9667,57.06,56,100,9.55,AU,overcast clouds,2021-11-07 01:06:01
118,Souillac,-20.5167,57.5167,73.36,81,45,9.71,MU,scattered clouds,2021-11-07 01:06:01
119,Toro,4.6117,-76.0814,67.1,96,100,2.71,CO,overcast clouds,2021-11-07 01:06:02
120,Nova Olimpia,-14.7972,-57.2881,68.27,94,99,5.46,BR,overcast clouds,2021-11-07 01:06:02
121,Santa Rosa,14.3122,121.1114,86.09,75,43,8.9,PH,scattered clouds,2021-11-07 01:02:33
122,Vicuna,-30.0319,-70.7081,66.78,45,0,1.48,CL,clear sky,2021-11-07 01:06:03
123,Rudnogorsk,57.2639,103.7519,21.63,94,100,7.81,RU,overcast clouds,2021-11-07 01:06:03
124,Male,4.1748,73.5089,82.45,72,100,16.75,MV,overcast clouds,2021-11-07 01:06:03
125,Kodiak,57.79,-152.4072,33.4,63,9,9.71,US,clear sky,2021-11-07 01:06:04
126,Lata,40.1629,-8.3327,47.05,70,6,4.47,PT,clear sky,2021-11-07 01:06:04
127,Mayo,38.8876,-76.5119,52.34,76,1,5.01,US,clear sky,2021-11-07 01:06:04
128,Kirakira,-10.4544,161.9205,84.61,70,12,7.45,SB,few clouds,2021-11-07 01:06:05
129,Vila,42.0304,-8.1588,38.32,91,5,4.65,PT,clear sky,2021-11-07 01:06:05
130,Pangnirtung,66.1451,-65.7125,12.7,61,12,10.65,CA,few clouds,2021-11-07 01:06:06
131,Varena,54.2167,24.5667,47.05,84,100,11.81,LT,overcast clouds,2021-11-07 01:06:06
132,Erzin,36.9559,36.2,54.12,36,1,3.56,TR,clear sky,2021-11-07 01:06:06
133,Aswan,24.0934,32.907,76.1,34,0,8.57,EG,clear sky,2021-11-07 01:06:07
134,Nuevo Progreso,23.1667,-97.95,73.6,65,7,4.92,MX,clear sky,2021-11-07 01:06:07
135,Haines Junction,60.7522,-137.5108,30.43,97,100,2.37,CA,light snow,2021-11-07 01:06:07
136,Sao Borja,-28.6606,-56.0044,64.51,82,71,11.39,BR,broken clouds,2021-11-07 01:06:08
137,Marigot,18.0667,-63.0833,81.05,74,20,4.61,MF,few clouds,2021-11-07 01:06:08
138,Santa Maria,-29.6842,-53.8069,61.65,79,100,9.75,BR,overcast clouds,2021-11-07 01:06:08
139,Provideniya,64.3833,-173.3,20.8,89,98,7.65,RU,light snow,2021-11-07 01:06:09
140,Atuona,-9.8,-139.0333,78.22,67,5,15.3,PF,clear sky,2021-11-07 01:06:09
141,Kuytun,54.3419,101.5036,19.69,90,100,3.78,RU,overcast clouds,2021-11-07 01:06:10
142,Upernavik,72.7868,-56.1549,14.56,87,95,10.67,GL,overcast clouds,2021-11-07 01:06:10
143,Port-Gentil,-0.7193,8.7815,78.84,86,100,10.31,GA,overcast clouds,2021-11-07 01:06:10
144,Champoton,19.35,-90.7167,77.02,64,10,12.77,MX,clear sky,2021-11-07 01:06:11
145,Gamba,-2.65,10.0,76.05,90,100,3.47,GA,overcast clouds,2021-11-07 01:06:11
146,Nanortalik,60.1432,-45.2371,31.3,74,100,11.43,GL,overcast clouds,2021-11-07 01:06:12
147,Carnarvon,-24.8667,113.6333,71.67,64,75,21.85,AU,broken clouds,2021-11-07 01:06:12
148,Yerbogachen,61.2767,108.0108,6.35,98,82,6.73,RU,broken clouds,2021-11-07 01:06:13
149,Mareeba,-17.0,145.4333,87.44,57,5,8.81,AU,clear sky,2021-11-07 01:06:13
150,Bambous Virieux,-20.3428,57.7575,73.22,77,37,11.43,MU,scattered clouds,2021-11-07 01:06:14
151,Tevriz,57.509,72.4042,35.04,64,100,12.15,RU,overcast clouds,2021-11-07 01:06:14
152,Belyy Yar,53.6039,91.3903,30.09,71,40,13.42,RU,scattered clouds,2021-11-07 01:06:14
153,Tocopilla,-22.092,-70.1979,65.62,67,5,9.06,CL,clear sky,2021-11-07 01:06:14
154,Wakefield,53.6809,-1.499,52.29,62,100,15.75,GB,overcast clouds,2021-11-07 01:02:22
155,Constitucion,-35.3333,-72.4167,50.38,94,11,9.35,CL,few clouds,2021-11-07 01:06:15
156,Salalah,17.0151,54.0924,73.47,77,89,1.25,OM,overcast clouds,2021-11-07 01:06:15
157,San Quintin,30.4833,-115.95,64.72,83,0,7.96,MX,clear sky,2021-11-07 01:06:15
158,Jamestown,42.097,-79.2353,42.33,67,1,6.91,US,clear sky,2021-11-07 01:05:11
159,Matelandia,-25.2408,-53.9964,70.16,98,38,3.44,BR,scattered clouds,2021-11-07 01:06:16
160,Roros,62.5747,11.3842,22.84,93,90,3.44,NO,overcast clouds,2021-11-07 01:06:16
161,Lollar,50.6465,8.705,46.72,88,100,1.99,DE,overcast clouds,2021-11-07 01:06:17
162,Longyearbyen,78.2186,15.6401,12.04,67,75,11.5,SJ,broken clouds,2021-11-07 01:06:17
163,Cidreira,-30.1811,-50.2056,64.83,69,100,11.72,BR,overcast clouds,2021-11-07 01:06:17
164,Yenagoa,4.9247,6.2642,76.05,95,100,3.67,NG,overcast clouds,2021-11-07 01:06:17
165,Calamar,10.2511,-74.9146,82.35,92,59,6.85,CO,broken clouds,2021-11-07 01:06:18
166,Bytow,54.1706,17.4919,48.31,81,100,14.72,PL,light rain,2021-11-07 01:06:18
167,Port Elizabeth,-33.918,25.5701,61.11,84,100,9.57,ZA,overcast clouds,2021-11-07 01:06:18
168,Causapscal,48.3542,-67.227,42.94,93,20,5.3,CA,few clouds,2021-11-07 01:06:19
169,Forestville,38.8451,-76.875,51.06,76,75,5.75,US,broken clouds,2021-11-07 01:05:41
170,Coquimbo,-29.9533,-71.3436,55.13,87,0,6.91,CL,clear sky,2021-11-07 01:03:16
171,Chuy,-33.6971,-53.4616,54.9,77,6,5.41,UY,clear sky,2021-11-07 01:06:20
172,Vestmannaeyjar,63.4427,-20.2734,38.03,83,68,22.26,IS,broken clouds,2021-11-07 01:06:20
173,Manzhouli,49.6,117.4333,18.46,36,0,6.46,CN,clear sky,2021-11-07 01:06:20
174,Paripiranga,-10.6875,-37.8617,70.86,91,100,2.39,BR,overcast clouds,2021-11-07 01:06:21
175,Otrado-Olginskoye,45.3104,40.9397,48.07,89,34,6.06,RU,scattered clouds,2021-11-07 01:06:21
176,Georgetown,5.4112,100.3354,82.33,82,20,4.61,MY,few clouds,2021-11-07 01:05:33
177,Trat,12.5,102.5,85.24,83,22,2.8,TH,few clouds,2021-11-07 01:06:21
178,Zainsk,55.3195,52.0694,36.59,88,100,18.41,RU,overcast clouds,2021-11-07 01:06:22
179,Saint-Joseph,-21.3667,55.6167,68.38,81,19,9.69,RE,few clouds,2021-11-07 01:06:22
180,Faya,18.3851,42.4509,52.32,64,0,3.67,SA,clear sky,2021-11-07 01:06:22
181,Port Macquarie,-31.4333,152.9167,80.56,61,100,10.56,AU,overcast clouds,2021-11-07 01:05:35
182,Tual,-5.6667,132.75,83.84,72,100,0.43,ID,overcast clouds,2021-11-07 01:06:23
183,Tagusao,9.1924,117.8141,83.23,72,100,3.51,PH,overcast clouds,2021-11-07 01:06:23
184,Luwuk,-0.9516,122.7875,86.68,67,100,3.09,ID,overcast clouds,2021-11-07 01:06:23
185,Gracac,44.3006,15.8547,50.38,93,99,6.42,HR,overcast clouds,2021-11-07 01:06:24
186,Bluff,-46.6,168.3333,65.8,80,96,9.55,NZ,overcast clouds,2021-11-07 01:06:24
187,Vila Franca Do Campo,37.7167,-25.4333,68.41,81,4,15.79,PT,clear sky,2021-11-07 01:05:19
188,Mineros,-17.1167,-63.2333,65.79,62,100,5.99,BO,overcast clouds,2021-11-07 01:06:24
189,Alofi,-19.0595,-169.9187,77.79,76,86,21.32,NU,overcast clouds,2021-11-07 01:06:25
190,Clonakilty,51.6231,-8.8706,47.41,86,36,7.18,IE,scattered clouds,2021-11-07 01:06:25
191,Doha,25.2867,51.5333,76.98,61,0,2.3,QA,clear sky,2021-11-07 01:05:21
192,Jequitinhonha,-16.4339,-41.0033,73.22,96,100,3.0,BR,overcast clouds,2021-11-07 01:06:25
193,Karaton,-6.3424,106.1045,84.96,88,100,4.88,ID,overcast clouds,2021-11-07 01:06:26
194,Kita,13.0349,-9.4895,82.54,39,77,1.01,ML,broken clouds,2021-11-07 01:06:26
195,Almaznyy,48.0448,40.045,50.14,79,83,10.49,RU,broken clouds,2021-11-07 01:06:26
196,Puri,19.8,85.85,66.72,69,8,8.75,IN,clear sky,2021-11-07 01:06:27
197,Bambanglipuro,-7.95,110.2833,80.78,80,100,4.03,ID,light rain,2021-11-07 01:06:27
198,Broome,42.2506,-75.833,39.58,66,0,1.99,US,clear sky,2021-11-07 01:06:27
199,Portland,45.5234,-122.6762,47.08,90,90,1.01,US,thunderstorm,2021-11-07 01:02:29
200,Mount Gambier,-37.8333,140.7667,61.36,44,17,5.84,AU,few clouds,2021-11-07 01:06:28
201,Verin,41.9415,-7.4381,42.57,91,13,2.95,ES,few clouds,2021-11-07 01:06:28
202,Ribeira Grande,38.5167,-28.7,69.73,88,92,27.51,PT,overcast clouds,2021-11-07 01:02:31
203,Fare,-16.7,-151.0167,79.77,67,100,2.57,PF,overcast clouds,2021-11-07 01:06:28
204,Teahupoo,-17.8333,-149.2667,76.96,77,94,7.16,PF,light rain,2021-11-07 01:06:29
205,Rocha,-34.4833,-54.3333,50.45,87,16,1.34,UY,few clouds,2021-11-07 01:06:29
206,Gornyak,50.9942,81.4661,20.79,66,100,14.36,RU,overcast clouds,2021-11-07 01:06:30
207,Sal Rei,16.1833,-22.9167,75.76,72,100,14.74,CV,overcast clouds,2021-11-07 01:06:30
208,Hami,42.8,93.45,24.6,33,0,1.83,CN,clear sky,2021-11-07 01:06:30
209,Arcachon,44.5875,-1.0519,39.52,100,75,0.0,FR,broken clouds,2021-11-07 01:06:31
210,Saint-Philippe,-21.3585,55.7679,69.39,81,38,8.93,RE,scattered clouds,2021-11-07 01:06:31
211,Kavieng,-2.5744,150.7967,85.8,69,20,15.1,PG,light rain,2021-11-07 01:06:31
212,Vila Velha,-20.3297,-40.2925,73.94,82,90,1.01,BR,light intensity drizzle,2021-11-07 01:06:32
213,Campbeltown,55.4258,-5.6076,50.05,69,96,33.53,GB,overcast clouds,2021-11-07 01:06:32
214,Mar Del Plata,-38.0023,-57.5575,54.09,77,100,1.01,AR,overcast clouds,2021-11-07 01:06:32
215,La Ronge,55.1001,-105.2842,37.62,100,90,4.61,CA,overcast clouds,2021-11-07 01:06:33
216,Vikhorevka,56.1201,101.1636,26.19,86,100,10.92,RU,overcast clouds,2021-11-07 01:06:33
217,Yar-Sale,66.8333,70.8333,34.12,98,100,16.22,RU,overcast clouds,2021-11-07 01:06:33
218,Polovinnoye,54.7914,65.9864,31.06,41,68,20.54,RU,broken clouds,2021-11-07 01:06:34
219,Lumphat,13.4878,106.9816,78.03,80,100,4.65,KH,overcast clouds,2021-11-07 01:06:34
220,Pozo Colorado,-23.4923,-58.7972,62.46,80,99,6.69,PY,overcast clouds,2021-11-07 01:06:34
221,Oktyabrskiy,54.4815,53.471,33.24,95,100,17.13,RU,light snow,2021-11-07 01:06:35
222,Sur,22.5667,59.5289,74.75,54,0,7.54,OM,clear sky,2021-11-07 01:06:35
223,Dalbandin,28.8947,64.4101,56.64,27,56,7.96,PK,broken clouds,2021-11-07 01:06:35
224,Healdsburg,38.6105,-122.8692,60.91,72,20,1.99,US,few clouds,2021-11-07 01:02:58
225,Ushtobe,45.2514,77.9838,12.16,91,6,5.57,KZ,clear sky,2021-11-07 01:06:36
226,Borinskoye,52.4569,39.3713,40.75,82,52,13.65,RU,broken clouds,2021-11-07 01:06:36
227,Jalu,29.0331,21.5482,67.89,45,0,5.64,LY,clear sky,2021-11-07 01:06:36
228,Half Moon Bay,37.4636,-122.4286,63.63,79,20,5.75,US,mist,2021-11-07 01:06:36
229,Port Lincoln,-34.7333,135.8667,59.16,54,92,6.93,AU,overcast clouds,2021-11-07 01:05:12
230,Alice Springs,-23.7,133.8833,72.95,78,90,5.75,AU,overcast clouds,2021-11-07 01:05:04
231,Mogoytuy,51.2833,114.9167,18.73,36,92,10.18,RU,overcast clouds,2021-11-07 01:06:37
232,Nemuro,43.3236,145.575,52.95,81,100,11.05,JP,overcast clouds,2021-11-07 01:06:37
233,Kanungu,-0.9575,29.7897,58.75,85,26,3.36,UG,scattered clouds,2021-11-07 01:06:38
234,Carballo,43.213,-8.691,50.86,90,0,4.88,ES,clear sky,2021-11-07 01:06:38
235,Brae,60.3964,-1.353,48.11,82,100,21.92,GB,overcast clouds,2021-11-07 01:06:38
236,Chicama,-7.8447,-79.1469,61.34,82,75,6.89,PE,broken clouds,2021-11-07 01:06:39
237,Bonito,-21.1211,-56.4819,68.67,84,100,5.46,BR,overcast clouds,2021-11-07 01:06:39
238,Pacific Grove,36.6177,-121.9166,64.51,83,1,4.0,US,clear sky,2021-11-07 01:02:25
239,Hithadhoo,-0.6,73.0833,82.96,69,96,15.97,MV,overcast clouds,2021-11-07 01:06:40
240,Ilulissat,69.2167,-51.1,19.42,49,20,5.75,GL,few clouds,2021-11-07 01:06:40
241,Bulawayo,-20.15,28.5833,71.35,32,36,5.32,ZW,scattered clouds,2021-11-07 01:06:40
242,Burlington,39.8835,-74.6413,50.7,81,1,4.61,US,clear sky,2021-11-07 01:06:41
243,Sulangan,11.1373,123.7228,82.65,80,100,11.56,PH,light rain,2021-11-07 01:06:41
244,Cartagena Del Chaira,1.3349,-74.8429,72.99,94,88,1.83,CO,overcast clouds,2021-11-07 01:06:41
245,Kaya,13.0917,-1.0844,83.21,23,38,6.78,BF,scattered clouds,2021-11-07 01:06:42
246,Torbay,47.6666,-52.7314,42.28,82,1,1.99,CA,clear sky,2021-11-07 01:05:32
247,Kalmunai,7.4167,81.8167,78.03,87,100,5.73,LK,light rain,2021-11-07 01:06:42
248,Shubarkuduk,49.1447,56.4872,28.44,27,98,8.1,KZ,overcast clouds,2021-11-07 01:06:42
249,Alyangula,-13.8483,136.4192,86.13,64,100,9.06,AU,overcast clouds,2021-11-07 01:06:32
250,Pokoynoye,44.8097,44.2517,44.69,81,50,4.47,RU,scattered clouds,2021-11-07 01:06:43
251,Sept-Iles,50.2001,-66.3821,45.05,76,76,10.0,CA,broken clouds,2021-11-07 01:06:43
252,Lakes Entrance,-37.8811,147.981,64.58,90,100,8.52,AU,overcast clouds,2021-11-07 01:06:43
253,Ballina,-28.8667,153.5667,77.18,72,12,12.08,AU,few clouds,2021-11-07 01:06:44
254,Gat,31.61,34.7642,70.39,45,0,3.89,IL,clear sky,2021-11-07 01:06:44
255,Thinadhoo,0.5333,72.9333,83.14,71,99,16.26,MV,overcast clouds,2021-11-07 01:06:25
256,Nikolskoye,59.7035,30.7861,40.87,83,60,8.99,RU,light rain,2021-11-07 01:06:44
257,Plettenberg Bay,-34.0527,23.3716,59.07,77,100,3.44,ZA,overcast clouds,2021-11-07 01:06:45
258,Walvis Bay,-22.9575,14.5053,57.29,88,0,11.48,NA,clear sky,2021-11-07 01:06:45
259,Geraldton,-28.7667,114.6,68.41,45,0,18.41,AU,clear sky,2021-11-07 01:06:39
260,Phalaborwa,-23.943,31.1411,75.06,72,100,8.79,ZA,overcast clouds,2021-11-07 01:06:45
261,Lorengau,-2.0226,147.2712,83.93,77,88,9.62,PG,overcast clouds,2021-11-07 01:06:46
262,Cherskiy,68.75,161.3,18.46,95,100,8.46,RU,light snow,2021-11-07 01:06:46
263,Mufulira,-12.5498,28.2407,65.41,39,6,4.43,ZM,clear sky,2021-11-07 01:06:46
264,Dhangadhi,28.7079,80.5961,63.14,78,20,3.51,NP,few clouds,2021-11-07 01:06:47
265,Surazh,53.0175,32.3918,45.07,78,100,16.22,RU,overcast clouds,2021-11-07 01:06:47
266,Hokitika,-42.7167,170.9667,62.38,70,12,8.81,NZ,few clouds,2021-11-07 01:06:47
267,Besuki,-7.7338,113.6979,84.9,72,89,2.15,ID,overcast clouds,2021-11-07 01:06:48
268,Grand Island,40.925,-98.342,59.2,65,1,12.66,US,clear sky,2021-11-07 01:01:57
269,Neiafu,-18.65,-173.9833,84.88,65,40,12.66,TO,scattered clouds,2021-11-07 01:06:48
270,Sitka,57.0531,-135.33,40.89,81,20,6.91,US,few clouds,2021-11-07 01:06:48
271,Narsaq,60.9167,-46.05,25.02,73,100,8.34,GL,overcast clouds,2021-11-07 01:06:49
272,Bay Saint Louis,30.3088,-89.33,57.02,90,1,0.0,US,clear sky,2021-11-07 01:02:02
273,Deputatskiy,69.3,139.9,-9.56,95,100,6.02,RU,overcast clouds,2021-11-07 01:06:49
274,Mpika,-11.8343,31.4529,66.6,42,100,5.1,ZM,overcast clouds,2021-11-07 01:06:50
275,Nome,64.5011,-165.4064,21.27,68,90,0.0,US,overcast clouds,2021-11-07 01:06:50
276,Alekseyevsk,57.8406,108.3492,23.45,94,100,7.52,RU,light snow,2021-11-07 01:06:50
277,Te Anau,-45.4167,167.7167,68.74,38,95,4.16,NZ,overcast clouds,2021-11-07 01:06:51
278,Herat,34.5,62.0,36.48,41,95,6.91,AF,overcast clouds,2021-11-07 01:06:51
279,Pamanukan,-6.2842,107.8106,83.98,69,100,1.39,ID,overcast clouds,2021-11-07 01:06:51
280,Grand Gaube,-20.0064,57.6608,73.38,80,0,3.0,MU,clear sky,2021-11-07 01:06:52
281,Ciudad Bolivar,8.1222,-63.5497,79.75,72,99,10.76,VE,overcast clouds,2021-11-07 01:06:52
282,Grand-Lahou,5.1367,-5.0242,78.01,87,37,4.5,CI,scattered clouds,2021-11-07 01:06:53
283,Swellendam,-34.0226,20.4417,57.09,74,94,4.23,ZA,overcast clouds,2021-11-07 01:06:53
284,Shenjiamen,29.9576,122.298,69.73,85,4,13.04,CN,clear sky,2021-11-07 01:06:53
285,Cayenne,4.9333,-52.3333,81.09,86,20,1.99,GF,light rain,2021-11-07 01:06:54
286,Omsukchan,62.5333,155.8,18.9,96,100,7.02,RU,overcast clouds,2021-11-07 01:06:54
287,Westerland,54.9079,8.3033,53.62,82,75,21.85,DE,broken clouds,2021-11-07 01:06:54
288,Dzhankoy,45.7167,34.4,50.68,67,100,5.68,UA,overcast clouds,2021-11-07 01:06:55
289,Orange Cove,36.6244,-119.3137,67.66,55,56,4.38,US,broken clouds,2021-11-07 01:06:55
290,Bokoro,12.3807,17.0568,83.26,21,10,10.69,TD,clear sky,2021-11-07 01:06:55
291,Clyde River,70.4692,-68.5914,6.44,89,48,4.74,CA,scattered clouds,2021-11-07 01:06:56
292,Novy Hrozenkov,49.337,18.1979,39.22,91,5,3.36,CZ,clear sky,2021-11-07 01:06:56
293,Pasinler,39.9803,41.6764,29.39,73,8,3.0,TR,clear sky,2021-11-07 01:06:56
294,Karratha,-20.7377,116.8463,82.74,41,5,9.13,AU,clear sky,2021-11-07 01:06:57
295,Gizo,-8.103,156.8419,84.16,71,12,8.01,SB,light rain,2021-11-07 01:06:57
296,Severo-Kurilsk,50.6789,156.125,39.15,68,25,9.82,RU,scattered clouds,2021-11-07 01:06:57
297,Camana,-16.6228,-72.7111,65.55,83,61,8.12,PE,broken clouds,2021-11-07 01:06:58
298,Mitu,1.1983,-70.1733,73.62,95,90,2.26,CO,overcast clouds,2021-11-07 01:06:58
299,Chokurdakh,70.6333,147.9167,-6.7,98,74,6.69,RU,broken clouds,2021-11-07 01:06:58
300,Novopskov,49.5464,39.0899,41.97,84,0,7.29,UA,clear sky,2021-11-07 01:06:59
301,Acapulco,16.8634,-99.8901,79.16,84,10,4.68,MX,clear sky,2021-11-07 01:06:59
302,Isiro,2.7739,27.616,65.44,94,42,1.1,CD,scattered clouds,2021-11-07 01:07:00
303,Sampit,-2.5333,112.95,83.25,78,19,1.07,ID,heavy intensity rain,2021-11-07 01:07:00
304,Olafsvik,64.8945,-23.7142,35.08,70,85,8.72,IS,light snow,2021-11-07 01:07:00
305,Norman Wells,65.282,-126.8329,23.34,98,100,0.58,CA,overcast clouds,2021-11-07 01:07:01
306,Cockburn Town,21.4612,-71.1419,83.14,77,85,14.79,TC,overcast clouds,2021-11-07 01:07:02
307,Lagoa,39.05,-27.9833,68.38,85,47,28.97,PT,scattered clouds,2021-11-07 01:07:02
308,Isangel,-19.55,169.2667,78.91,78,75,11.5,VU,broken clouds,2021-11-07 01:07:03
309,The Valley,18.217,-63.0578,81.1,68,43,15.19,AI,scattered clouds,2021-11-07 01:06:13
310,Antigonish,45.6169,-61.9986,45.93,75,0,5.01,CA,clear sky,2021-11-07 01:07:03
311,Oranjemund,-28.55,16.4333,58.21,83,62,13.87,NA,broken clouds,2021-11-07 01:07:04
312,Goderich,43.7501,-81.7165,45.91,66,6,20.36,CA,clear sky,2021-11-07 01:07:04
313,El Alto,-4.2714,-81.2147,62.26,86,20,20.98,PE,few clouds,2021-11-07 01:07:04
314,Tautira,-17.7333,-149.15,82.42,78,61,6.91,PF,moderate rain,2021-11-07 01:07:05
315,Santiago De Cao,-7.9589,-79.2392,62.73,88,40,6.91,PE,mist,2021-11-07 01:07:05
316,Tuktoyaktuk,69.4541,-133.0374,9.03,91,12,8.7,CA,few clouds,2021-11-07 01:07:06
317,Rio Cuarto,-33.1307,-64.3499,51.67,65,0,7.16,AR,clear sky,2021-11-07 01:05:07
318,Meulaboh,4.1363,96.1285,77.68,89,100,10.33,ID,overcast clouds,2021-11-07 01:07:06
319,Phonhong,18.5007,102.4166,75.02,81,14,1.9,LA,few clouds,2021-11-07 01:07:06
320,Tuatapere,-46.1333,167.6833,65.82,52,100,6.24,NZ,overcast clouds,2021-11-07 01:07:07
321,Ucluelet,48.9329,-125.5528,41.31,92,100,4.09,CA,overcast clouds,2021-11-07 01:03:19
322,Pyaozerskiy,65.8333,31.1667,31.05,98,100,5.97,RU,light snow,2021-11-07 01:07:07
323,Necochea,-38.5473,-58.7368,49.03,67,100,9.28,AR,overcast clouds,2021-11-07 01:07:07
324,Aldan,58.6031,125.3894,13.75,90,100,9.31,RU,light snow,2021-11-07 01:07:08
325,Hervey Bay,-25.2986,152.8535,83.03,67,20,11.59,AU,few clouds,2021-11-07 01:07:08
326,Hambantota,6.1241,81.1185,75.54,100,20,2.3,LK,heavy intensity rain,2021-11-07 01:07:08
327,Korla,41.7597,86.1469,22.93,44,5,5.37,CN,clear sky,2021-11-07 01:07:09
328,Fairbanks,64.8378,-147.7164,26.56,90,90,0.0,US,mist,2021-11-07 01:07:10
329,Kokopo,-4.352,152.2633,86.7,57,19,4.81,PG,few clouds,2021-11-07 01:07:10
330,Grindavik,63.8424,-22.4338,36.07,80,40,12.66,IS,scattered clouds,2021-11-07 01:07:10
331,Pafos,34.7667,32.4167,64.18,45,0,8.05,CY,clear sky,2021-11-07 01:07:11
332,Evensk,61.95,159.2333,34.36,97,100,16.89,RU,light rain,2021-11-07 01:07:11
333,Szilvasvarad,48.1,20.4,38.35,78,98,0.65,HU,overcast clouds,2021-11-07 01:07:11
334,Jaicos,-7.3592,-41.1378,81.16,64,100,5.82,BR,moderate rain,2021-11-07 01:07:12
335,San Cristobal,7.7669,-72.225,73.58,88,99,1.99,VE,overcast clouds,2021-11-07 01:07:12
336,Mollendo,-17.0231,-72.0147,64.2,87,20,7.7,PE,few clouds,2021-11-07 01:07:12
337,Ostrovnoy,68.0531,39.5131,33.21,91,100,29.84,RU,snow,2021-11-07 01:07:13
338,Dioknisi,41.6293,42.3917,40.69,83,43,1.68,GE,scattered clouds,2021-11-07 01:07:13
339,Savyntsi,49.4026,37.0627,40.55,83,7,6.85,UA,clear sky,2021-11-07 01:07:13
340,Lincoln,40.8,-96.667,59.54,74,1,1.01,US,clear sky,2021-11-07 01:03:53
341,Buenos Aires,-34.6132,-58.3772,62.98,70,75,12.66,AR,broken clouds,2021-11-07 01:04:57
342,Truro,50.2653,-5.0544,53.56,87,75,13.8,GB,broken clouds,2021-11-07 01:07:14
343,Egvekinot,66.3167,-179.1667,-9.17,92,60,2.91,RU,broken clouds,2021-11-07 01:07:14
344,Diffa,13.3154,12.6113,80.15,19,5,8.79,NE,clear sky,2021-11-07 01:07:14
345,Kropachevo,55.0112,57.9896,33.93,46,100,19.93,RU,snow,2021-11-07 01:07:15
346,Chauk,20.8833,94.8167,75.76,84,7,6.6,MM,clear sky,2021-11-07 01:07:15
347,Mega,4.05,38.3,62.91,71,76,2.84,ET,light rain,2021-11-07 01:07:15
348,Ceres,37.5949,-120.9577,63.81,67,1,10.36,US,clear sky,2021-11-07 01:07:16
349,Shizukuishi,39.6833,140.9833,55.53,67,0,0.87,JP,clear sky,2021-11-07 01:07:16
350,Tottori,35.5,134.2333,50.0,74,100,10.6,JP,overcast clouds,2021-11-07 01:07:16
351,San Juan,-31.5375,-68.5364,66.85,27,0,12.84,AR,clear sky,2021-11-07 01:07:17
352,Port-Cartier,50.0334,-66.8654,44.74,84,91,8.55,CA,overcast clouds,2021-11-07 01:03:07
353,Saint-Augustin,51.226,-58.6502,36.57,88,100,12.62,CA,overcast clouds,2021-11-07 01:07:17
354,Huarmey,-10.0681,-78.1522,65.66,84,92,9.28,PE,overcast clouds,2021-11-07 01:07:17
355,Baghdad,33.3406,44.4009,57.11,54,0,6.91,IQ,clear sky,2021-11-07 01:07:18
356,Dali,25.7,100.1833,51.55,59,15,0.6,CN,few clouds,2021-11-07 01:07:18
357,Susuman,62.7833,148.1667,15.48,94,100,2.06,RU,overcast clouds,2021-11-07 01:07:18
358,Abonnema,4.7084,6.7931,77.65,90,100,4.27,NG,overcast clouds,2021-11-07 01:07:19
359,Sioux Lookout,50.1001,-91.917,42.3,92,8,5.53,CA,clear sky,2021-11-07 01:02:39
360,Muisne,0.6,-80.0333,75.06,86,100,9.51,EC,overcast clouds,2021-11-07 01:07:19
361,Booue,-0.0921,11.9385,72.55,99,100,2.19,GA,light rain,2021-11-07 01:07:20
362,Angoche,-16.2325,39.9086,71.46,93,18,2.28,MZ,few clouds,2021-11-07 01:07:20
363,Benghazi,32.1167,20.0667,74.25,45,100,8.08,LY,overcast clouds,2021-11-07 01:07:21
364,Qingyuan,23.7,113.0333,76.98,76,6,1.03,CN,clear sky,2021-11-07 01:07:21
365,Hobyo,5.3505,48.5268,79.3,67,76,5.3,SO,broken clouds,2021-11-07 01:07:21
366,Katsuura,35.1333,140.3,65.1,80,100,7.67,JP,moderate rain,2021-11-07 01:02:28
367,Gornopravdinsk,60.05,69.9,34.16,92,100,13.76,RU,light rain,2021-11-07 01:07:22
368,Kabrai,25.4167,80.0167,65.79,45,20,5.77,IN,few clouds,2021-11-07 01:07:22
369,Chongqing,29.5628,106.5528,51.22,78,100,5.99,CN,overcast clouds,2021-11-07 01:07:22
370,Susanville,40.4163,-120.653,43.09,71,90,4.61,US,overcast clouds,2021-11-07 01:06:19
371,Leshukonskoye,64.8989,45.7622,35.06,97,100,8.66,RU,light rain,2021-11-07 01:07:23
372,Hasaki,35.7333,140.8333,61.29,65,100,9.78,JP,light rain,2021-11-07 01:07:23
373,Pochutla,15.7432,-96.4661,81.45,88,27,3.4,MX,scattered clouds,2021-11-07 01:03:59
374,Lloydminster,53.2835,-110.0016,36.1,51,100,5.77,CA,overcast clouds,2021-11-07 01:07:23
375,Camacha,33.0833,-16.3333,65.16,63,40,18.41,PT,scattered clouds,2021-11-07 01:04:11
376,Lalmohan,22.3384,90.7419,70.09,77,9,8.9,BD,clear sky,2021-11-07 01:07:24
377,Verkhnevilyuysk,63.4453,120.3167,4.5,98,93,3.94,RU,overcast clouds,2021-11-07 01:07:24
378,Padang,-0.9492,100.3543,73.45,95,100,2.26,ID,overcast clouds,2021-11-07 01:07:24
379,Lubana,56.9,26.7167,39.25,96,100,5.88,LV,overcast clouds,2021-11-07 01:07:25
380,Qaqortoq,60.7167,-46.0333,25.3,70,100,8.28,GL,overcast clouds,2021-11-07 01:06:43
381,Ulladulla,-35.35,150.4667,77.77,55,66,3.85,AU,broken clouds,2021-11-07 01:07:25
382,Madera,37.1666,-119.8343,66.29,72,100,5.46,US,overcast clouds,2021-11-07 01:07:25
383,Ati,13.2154,18.3353,82.02,20,8,8.81,TD,clear sky,2021-11-07 01:07:26
384,Kerman,30.2832,57.0788,51.48,67,98,4.92,IR,overcast clouds,2021-11-07 01:07:26
385,Husavik,66.0449,-17.3389,34.93,98,100,7.47,IS,light rain,2021-11-07 01:07:26
386,Baruun-Urt,46.6806,113.2792,12.04,41,1,11.03,MN,clear sky,2021-11-07 01:07:27
387,Spearfish,44.4908,-103.8594,58.86,36,1,1.99,US,clear sky,2021-11-07 01:07:27
388,Minatitlan,17.9833,-94.5167,73.49,94,90,8.05,MX,drizzle,2021-11-07 01:07:27
389,Dillon,34.4166,-79.3712,54.19,90,100,21.68,US,overcast clouds,2021-11-07 01:03:59
390,Benalla,-36.55,145.9833,76.98,69,59,3.58,AU,broken clouds,2021-11-07 01:07:28
391,Chitungwiza,-18.0127,31.0756,69.46,40,0,7.11,ZW,clear sky,2021-11-07 01:07:28
392,Kapit,2.0167,112.9333,75.16,99,100,0.34,MY,overcast clouds,2021-11-07 01:07:28
393,Marawi,7.9986,124.2928,74.64,70,95,1.1,PH,overcast clouds,2021-11-07 01:07:29
394,Matagami,49.7502,-77.6328,43.54,75,75,10.25,CA,broken clouds,2021-11-07 01:02:33
395,Ballymena,54.8636,-6.2763,48.02,69,100,19.3,GB,overcast clouds,2021-11-07 01:07:30
396,Noumea,-22.2763,166.4572,78.78,64,21,10.33,NC,few clouds,2021-11-07 01:05:37
397,Saint-Francois,46.4154,3.9054,35.47,97,100,0.0,FR,mist,2021-11-07 01:07:30
398,Tarko-Sale,64.9225,77.785,33.71,98,100,21.23,RU,overcast clouds,2021-11-07 01:07:31
399,Bulgan,48.8125,103.5347,12.94,68,24,2.84,MN,few clouds,2021-11-07 01:07:31
400,Vilhena,-12.7406,-60.1458,68.13,99,100,1.54,BR,overcast clouds,2021-11-07 01:07:31
401,La Sarre,48.8002,-79.1996,42.87,74,100,12.37,CA,overcast clouds,2021-11-07 01:06:20
402,Margate,51.3813,1.3862,55.11,83,100,1.99,GB,overcast clouds,2021-11-07 01:02:43
403,Lebu,-37.6167,-73.65,52.23,87,34,14.12,CL,scattered clouds,2021-11-07 01:07:32
404,College,64.8569,-147.8028,26.55,89,90,0.0,US,mist,2021-11-07 01:07:32
405,Bellefontaine,40.3612,-83.7597,44.13,65,1,4.61,US,clear sky,2021-11-07 01:07:32
406,Mantua,45.1667,10.7833,48.9,80,100,2.28,IT,overcast clouds,2021-11-07 01:07:33
407,Port Hawkesbury,45.6169,-61.3485,45.7,69,0,1.99,CA,clear sky,2021-11-07 01:06:45
408,Altay,47.8667,88.1167,14.77,59,100,5.57,CN,overcast clouds,2021-11-07 01:07:33
409,Adrar,20.5022,-10.0711,69.42,34,7,8.7,MR,clear sky,2021-11-07 01:07:33
410,Luanda,-8.8368,13.2343,77.0,88,75,5.75,AO,light rain,2021-11-07 01:07:34
411,Sungaipenuh,-2.0833,101.3833,64.9,99,100,2.64,ID,overcast clouds,2021-11-07 01:07:34
412,Batesville,35.7698,-91.641,52.21,56,1,4.0,US,clear sky,2021-11-07 01:07:34
413,Archidona,37.0965,-4.3887,48.76,50,0,4.54,ES,clear sky,2021-11-07 01:07:35
414,San Jose,37.3394,-121.895,64.02,62,75,9.22,US,broken clouds,2021-11-07 01:05:53
415,Omboue,-1.5746,9.2618,76.96,90,100,5.1,GA,overcast clouds,2021-11-07 01:07:35
416,Castro,-24.7911,-50.0119,63.09,98,22,5.91,BR,few clouds,2021-11-07 01:07:35
417,Edgewater,28.9889,-80.9023,56.01,87,100,15.99,US,overcast clouds,2021-11-07 01:04:23
418,Santa Rosa De Osos,6.6474,-75.4603,54.16,98,100,0.98,CO,overcast clouds,2021-11-07 01:07:36
419,Mkushi,-13.6202,29.3939,67.12,38,12,4.59,ZM,few clouds,2021-11-07 01:07:36
420,Kuryk,43.2,51.65,38.34,35,0,13.38,KZ,clear sky,2021-11-07 01:07:37
421,Taoudenni,22.6783,-3.9836,75.79,19,0,5.28,ML,clear sky,2021-11-07 01:07:37
422,Paengaroa,-37.8167,176.4167,70.34,73,71,1.01,NZ,broken clouds,2021-11-07 01:07:37
423,Yuancheng,36.652,107.7896,18.64,53,0,19.3,CN,clear sky,2021-11-07 01:07:38
424,Camacupa,-12.0167,17.4833,63.48,70,62,3.38,AO,broken clouds,2021-11-07 01:07:38
425,Navahrudak,53.6,25.8333,43.99,83,100,14.18,BY,overcast clouds,2021-11-07 01:07:38
426,Miraflores,19.2167,-98.8083,65.03,57,99,4.18,MX,overcast clouds,2021-11-07 01:07:39
427,North Bend,43.4065,-124.2243,50.14,92,90,5.75,US,overcast clouds,2021-11-07 01:07:39
428,Ochsenfurt,49.6643,10.0623,40.14,86,100,9.75,DE,overcast clouds,2021-11-07 01:07:40
429,Sistranda,63.7256,8.834,36.9,67,100,26.96,NO,overcast clouds,2021-11-07 01:07:40
430,Mahajanga,-15.7167,46.3167,77.02,94,40,5.75,MG,scattered clouds,2021-11-07 01:07:41
431,Luganville,-15.5333,167.1667,81.48,77,100,3.49,VU,overcast clouds,2021-11-07 01:07:41
432,Qixingtai,30.4135,111.8874,47.26,64,100,20.13,CN,light rain,2021-11-07 01:07:41
433,Dire,12.2833,-10.9667,78.8,57,1,1.01,ML,clear sky,2021-11-07 01:07:41
434,Ketchikan,55.3422,-131.6461,41.47,87,20,3.44,US,few clouds,2021-11-07 01:07:42
435,Paamiut,61.994,-49.6678,25.25,72,89,11.16,GL,overcast clouds,2021-11-07 01:03:12
436,Sumbe,-11.2061,13.8437,74.7,87,100,5.97,AO,overcast clouds,2021-11-07 01:04:18
437,Mackay,-21.15,149.2,86.68,60,85,12.24,AU,overcast clouds,2021-11-07 01:07:42
438,Avera,33.194,-82.5271,50.68,38,100,13.98,US,overcast clouds,2021-11-07 01:07:43
439,Xai-Xai,-25.0519,33.6442,72.1,90,100,4.63,MZ,overcast clouds,2021-11-07 01:07:43
440,Kieta,-6.2167,155.6333,84.38,72,21,4.85,PG,light rain,2021-11-07 01:07:43
441,Foam Lake,51.65,-103.5343,41.45,61,0,10.25,CA,clear sky,2021-11-07 01:07:44
442,Rio Claro,-22.4114,-47.5614,69.8,58,96,5.97,BR,overcast clouds,2021-11-07 01:07:44
443,Basco,20.4487,121.9702,81.79,82,10,8.52,PH,clear sky,2021-11-07 01:07:44
444,Sorong,-0.8833,131.25,82.09,78,74,3.06,ID,broken clouds,2021-11-07 01:07:44
445,Port Blair,11.6667,92.75,82.15,75,86,7.02,IN,overcast clouds,2021-11-07 01:07:45
446,Anori,-3.7728,-61.6442,71.29,99,100,3.94,BR,light rain,2021-11-07 01:07:45
447,Svetlaya,46.5389,138.3297,36.81,27,21,9.01,RU,few clouds,2021-11-07 01:07:45
448,Vestmanna,62.1564,-7.1664,45.52,100,90,4.61,FO,overcast clouds,2021-11-07 01:07:46
449,Santa Isabel,-23.3156,-46.2214,68.65,94,50,3.04,BR,scattered clouds,2021-11-07 01:03:46
450,San Andres,12.5847,-81.7006,82.42,83,75,3.44,CO,broken clouds,2021-11-07 01:07:46
451,Bilibino,68.0546,166.4372,10.33,95,100,3.02,RU,snow,2021-11-07 01:07:46
452,Doctor Arroyo,23.6667,-100.1833,61.48,60,1,7.2,MX,clear sky,2021-11-07 01:07:47
453,Veraval,20.9,70.3667,78.31,39,89,11.14,IN,overcast clouds,2021-11-07 01:07:47
454,Tungor,53.3808,142.9564,24.58,78,100,22.93,RU,light snow,2021-11-07 01:07:47
455,Bongandanga,1.5,21.05,70.65,94,100,2.55,CD,overcast clouds,2021-11-07 01:07:48
456,Brive-La-Gaillarde,45.25,1.5,37.27,93,100,2.86,FR,overcast clouds,2021-11-07 01:07:48
457,Humberto De Campos,-2.5983,-43.4611,76.71,90,12,2.59,BR,few clouds,2021-11-07 01:07:48
458,Tiarei,-17.5333,-149.3333,82.42,78,81,3.71,PF,moderate rain,2021-11-07 01:07:49
459,Nantucket,41.2835,-70.0995,47.97,72,1,0.0,US,clear sky,2021-11-07 01:05:27
460,Ulaanbaatar,47.9077,106.8832,1.53,66,0,2.24,MN,clear sky,2021-11-07 01:07:49
461,Penhold,52.1334,-113.8687,33.84,55,4,11.18,CA,clear sky,2021-11-07 01:03:00
462,Mezen,65.8522,44.24,34.07,98,100,8.34,RU,light rain,2021-11-07 01:07:50
463,Joshimath,30.5667,79.5667,47.43,23,0,7.83,IN,clear sky,2021-11-07 01:07:50
464,Kwekwe,-18.9281,29.8149,68.54,36,1,2.71,ZW,clear sky,2021-11-07 01:07:51
465,Wasilla,61.5814,-149.4394,32.92,90,90,0.0,US,mist,2021-11-07 01:07:51
466,San Patricio,28.017,-97.5169,66.29,57,0,7.4,US,clear sky,2021-11-07 01:07:52
467,Aden,12.7794,45.0367,81.3,61,6,11.05,YE,clear sky,2021-11-07 01:07:52
468,Peniche,39.3558,-9.3811,53.62,81,3,14.85,PT,clear sky,2021-11-07 01:07:53
469,Rosa Zarate,0.3333,-79.4667,75.11,87,45,4.74,EC,scattered clouds,2021-11-07 01:07:53
470,San Angelo,31.4638,-100.437,64.63,63,1,5.75,US,clear sky,2021-11-07 01:04:02
471,Eucaliptus,-17.5833,-67.5167,55.89,38,96,3.02,BO,overcast clouds,2021-11-07 01:07:54
472,Gazanjyk,39.2446,55.5154,39.83,35,15,8.1,TM,few clouds,2021-11-07 01:07:54
473,Roald,62.5833,6.1333,44.33,70,100,24.16,NO,overcast clouds,2021-11-07 01:07:54
474,Asau,46.4333,26.4,47.95,65,100,2.28,RO,light rain,2021-11-07 01:07:55
475,Kloulklubed,7.0419,134.2556,82.9,72,94,11.63,PW,overcast clouds,2021-11-07 01:07:55
476,Gairo,39.8497,9.5047,49.01,96,100,5.95,IT,overcast clouds,2021-11-07 01:07:55
477,Edd,13.9297,41.6925,82.11,56,6,10.56,ER,clear sky,2021-11-07 01:07:56
478,Zhezkazgan,47.8043,67.7144,25.56,21,0,4.43,KZ,clear sky,2021-11-07 01:07:56
479,Leh,34.1667,77.5833,16.79,69,2,3.18,IN,clear sky,2021-11-07 01:07:56
480,Bara,10.3744,10.7288,77.04,31,100,4.07,NG,overcast clouds,2021-11-07 01:07:57
481,Poya,-21.35,165.15,80.17,51,63,8.61,NC,broken clouds,2021-11-07 01:07:57
482,Bardiyah,31.7561,25.0865,68.72,80,0,7.23,LY,clear sky,2021-11-07 01:07:57
483,Aiken,33.5835,-81.5998,54.48,56,90,16.11,US,overcast clouds,2021-11-07 01:07:58
484,Zimovniki,47.1483,42.4633,44.65,80,97,6.13,RU,overcast clouds,2021-11-07 01:07:58
485,Tacoronte,28.4769,-16.4102,64.18,70,75,4.61,ES,broken clouds,2021-11-07 01:07:58
486,San Ramon,37.7799,-121.978,61.54,75,1,1.01,US,clear sky,2021-11-07 01:07:58
487,Dabat,12.9842,37.765,55.94,61,99,3.31,ET,overcast clouds,2021-11-07 01:07:59
488,Kindu,-2.95,25.95,67.37,98,100,0.87,CD,overcast clouds,2021-11-07 01:07:59
489,Zhoucheng,35.9122,116.3117,31.86,96,100,24.52,CN,snow,2021-11-07 01:08:00
490,Algeciras,36.1333,-5.4505,51.57,68,0,1.99,ES,clear sky,2021-11-07 01:08:00
491,Ankara,39.9199,32.8543,54.21,74,100,4.18,TR,overcast clouds,2021-11-07 01:08:00
492,Constantine,36.365,6.6147,47.64,67,0,5.26,DZ,clear sky,2021-11-07 01:03:47
493,Aginskoye,51.1,114.53,18.46,37,95,10.4,RU,overcast clouds,2021-11-07 01:08:01
494,Nyurba,63.2842,118.3319,7.9,97,100,6.33,RU,overcast clouds,2021-11-07 01:08:01
495,Antofagasta,-23.65,-70.4,61.88,77,45,7.02,CL,scattered clouds,2021-11-07 01:07:50
496,Salavat,53.3837,55.9077,34.99,39,100,19.28,RU,overcast clouds,2021-11-07 01:08:02
497,Tilichiki,60.4667,166.1,28.36,90,100,4.81,RU,overcast clouds,2021-11-07 01:08:02
498,Airai,-8.9266,125.4092,75.72,51,42,1.9,TL,scattered clouds,2021-11-07 01:08:04
499,Berlevag,70.8578,29.0864,32.43,64,100,11.27,NO,overcast clouds,2021-11-07 01:08:04
500,Hede,33.7681,120.2517,65.62,71,100,13.8,CN,heavy intensity rain,2021-11-07 01:05:15
501,Yulara,-25.2406,130.9889,71.44,73,40,12.66,AU,scattered clouds,2021-11-07 01:08:04
502,Nizwa,22.9333,57.5333,69.17,56,0,0.4,OM,clear sky,2021-11-07 01:08:05
503,Jeronimo Monteiro,-20.7894,-41.395,67.71,93,90,1.97,BR,overcast clouds,2021-11-07 01:08:05
504,Tynda,55.1667,124.7167,13.96,41,100,1.23,RU,overcast clouds,2021-11-07 01:08:05
505,Chitral,35.8462,71.7858,39.54,36,0,7.83,PK,clear sky,2021-11-07 01:05:06
506,Udachnyy,66.4167,112.4,0.64,94,100,8.52,RU,overcast clouds,2021-11-07 01:08:06
507,Newport,51.5877,-2.9984,53.17,85,91,17.29,GB,overcast clouds,2021-11-07 01:08:06
508,Tutoia,-2.7619,-42.2744,80.26,86,9,10.09,BR,clear sky,2021-11-07 01:08:06
509,Manyana,-23.4,21.7167,76.32,39,100,5.57,BW,overcast clouds,2021-11-07 01:08:07
510,Monaco-Ville,43.731,7.4248,59.18,54,0,13.8,FR,clear sky,2021-11-07 01:08:07
511,Coahuayana,18.7333,-103.6833,78.22,88,100,2.1,MX,overcast clouds,2021-11-07 01:08:07
512,Coihaique,-45.5752,-72.0662,57.15,44,0,6.91,CL,clear sky,2021-11-07 01:08:08
513,Kyshtovka,56.555,76.6271,30.69,78,100,15.19,RU,overcast clouds,2021-11-07 01:08:08
514,Bandrele,-12.9067,45.1914,78.55,78,90,3.44,YT,overcast clouds,2021-11-07 01:08:08
515,Denpasar,-8.65,115.2167,83.86,74,20,4.61,ID,few clouds,2021-11-07 01:08:09
516,Sarankhola,22.3082,89.7897,64.99,75,10,4.09,BD,clear sky,2021-11-07 01:05:07
517,Almeirim,-1.5233,-52.5817,81.03,68,100,2.93,BR,overcast clouds,2021-11-07 01:08:09
518,Cabedelo,-6.9811,-34.8339,79.47,82,5,10.29,BR,clear sky,2021-11-07 01:08:10
519,Cravo Norte,6.3017,-70.2041,79.45,73,76,5.61,CO,broken clouds,2021-11-07 01:08:10
520,Quelimane,-17.8786,36.8883,69.96,93,3,4.5,MZ,clear sky,2021-11-07 01:08:10
521,Mwinilunga,-11.7358,24.4293,62.82,47,33,3.09,ZM,scattered clouds,2021-11-07 01:08:11
522,Higashine,38.4389,140.4006,42.57,100,75,2.3,JP,fog,2021-11-07 01:08:11
523,Nizhneudinsk,54.9076,99.0276,24.53,67,100,2.91,RU,overcast clouds,2021-11-07 01:08:11
524,Vuktyl,63.8567,57.3094,35.85,98,100,10.0,RU,overcast clouds,2021-11-07 01:08:12
525,Namatanai,-3.6667,152.4333,84.51,71,66,8.99,PG,light rain,2021-11-07 01:08:12
526,Hendek,40.7994,30.7481,55.72,84,100,1.52,TR,overcast clouds,2021-11-07 01:08:12
527,Bataipora,-22.2953,-53.2711,72.18,95,100,6.17,BR,overcast clouds,2021-11-07 01:08:13
528,Bustamante,26.5333,-100.5,64.09,61,5,5.73,MX,clear sky,2021-11-07 01:08:13
529,Richards Bay,-28.783,32.0377,68.61,90,100,2.59,ZA,overcast clouds,2021-11-07 01:08:13
530,Caiaponia,-16.9567,-51.8103,72.72,74,27,3.47,BR,scattered clouds,2021-11-07 01:08:13
531,Darhan,49.4867,105.9228,14.34,67,22,5.03,MN,few clouds,2021-11-07 01:08:14
532,Priladozhskiy,59.85,31.4833,40.62,84,63,10.16,RU,moderate rain,2021-11-07 01:08:14
533,Bintulu,3.1667,113.0333,77.36,91,100,0.36,MY,overcast clouds,2021-11-07 01:08:14
534,Point Fortin,10.1833,-61.6833,81.14,83,100,12.55,TT,overcast clouds,2021-11-07 01:08:15
535,Calderitas,18.55,-88.25,77.83,60,42,1.83,MX,scattered clouds,2021-11-07 01:08:15
536,Astoria,46.1879,-123.8313,47.86,90,75,5.01,US,broken clouds,2021-11-07 01:05:45
537,Tabuk,17.4189,121.4443,81.73,78,69,4.5,PH,broken clouds,2021-11-07 01:08:15
538,Mamontovo,52.7055,81.6244,22.75,82,99,16.28,RU,overcast clouds,2021-11-07 01:08:16
539,Maceio,-9.6658,-35.7353,80.04,94,40,3.44,BR,moderate rain,2021-11-07 01:04:07
540,Mocuba,-16.8392,36.9856,67.42,85,6,3.51,MZ,clear sky,2021-11-07 01:08:16
541,Carutapera,-1.195,-46.02,79.54,82,66,7.29,BR,broken clouds,2021-11-07 01:08:17
542,Pevek,69.7008,170.3133,2.44,79,100,11.83,RU,overcast clouds,2021-11-07 01:08:17
543,Porto Novo,6.4965,2.6036,78.78,84,100,4.79,BJ,overcast clouds,2021-11-07 01:08:17
544,Berdigestyakh,62.0989,126.6992,8.73,96,100,4.65,RU,overcast clouds,2021-11-07 01:08:17
545,Saumur,47.3333,-0.25,46.89,93,76,7.09,FR,broken clouds,2021-11-07 01:08:18
546,Williams Lake,52.1415,-122.1445,30.22,68,100,1.83,CA,overcast clouds,2021-11-07 01:08:18
547,Gazimurskiy Zavod,51.5461,118.3266,17.67,49,1,6.82,RU,clear sky,2021-11-07 01:08:18
548,Kysyl-Syr,63.8986,122.7617,-9.44,100,100,2.64,RU,overcast clouds,2021-11-07 01:08:19
549,Maragogi,-9.0122,-35.2225,78.22,86,18,9.17,BR,few clouds,2021-11-07 01:08:19
550,Kropotkin,45.4375,40.5756,50.18,86,51,6.17,RU,broken clouds,2021-11-07 01:08:20
551,Karasburg,-28.0167,18.75,59.95,38,89,8.34,NA,overcast clouds,2021-11-07 01:08:20
552,Excelsior Springs,39.3392,-94.2261,57.38,73,1,3.44,US,clear sky,2021-11-07 01:08:20
553,Bow Island,49.8668,-111.3684,37.99,41,48,7.36,CA,scattered clouds,2021-11-07 01:08:21
554,Cairns,-16.9167,145.7667,92.07,63,21,6.91,AU,few clouds,2021-11-07 01:08:21
555,Krasnogorskoye,52.2953,86.1979,15.01,94,82,4.32,RU,broken clouds,2021-11-07 01:08:21
556,Crestview,30.7621,-86.5705,58.28,75,1,1.01,US,clear sky,2021-11-07 01:08:21
557,Surt,31.2089,16.5887,73.44,39,98,13.09,LY,overcast clouds,2021-11-07 01:08:22
558,Kalya,12.9793,77.1806,68.0,92,99,3.56,IN,overcast clouds,2021-11-07 01:08:22
559,Pisco,-13.7,-76.2167,64.45,82,0,11.5,PE,clear sky,2021-11-07 01:08:22
560,San Martin,-33.081,-68.4681,64.71,28,0,7.92,AR,clear sky,2021-11-07 01:08:23
561,Port Hedland,-20.3167,118.5667,82.45,65,75,10.36,AU,broken clouds,2021-11-07 01:08:23
562,Zhigansk,66.7697,123.3711,-4.09,90,100,11.9,RU,overcast clouds,2021-11-07 01:08:23
563,Fortuna,40.5982,-124.1573,55.65,76,1,0.0,US,clear sky,2021-11-07 01:08:24
564,Barcelona,41.3888,2.159,52.54,56,0,4.0,ES,clear sky,2021-11-07 01:08:00
565,Kvitok,56.0724,98.4813,26.73,89,100,9.44,RU,overcast clouds,2021-11-07 01:08:24
566,Krasnoborsk,61.5598,45.934,37.35,95,100,7.94,RU,light rain,2021-11-07 01:08:24
567,Say,13.1007,2.3689,83.68,20,88,5.44,NE,overcast clouds,2021-11-07 01:08:25
568,Gemena,3.25,19.7667,69.12,97,100,1.63,CD,overcast clouds,2021-11-07 01:08:25
569,Dunedin,-45.8742,170.5036,62.58,67,97,8.66,NZ,overcast clouds,2021-11-07 01:08:25
570,Ous,60.9058,61.5186,35.31,84,100,11.77,RU,overcast clouds,2021-11-07 01:08:26
571,Dourbali,11.8091,15.8632,84.61,20,75,5.93,TD,broken clouds,2021-11-07 01:08:26
572,Komsomolskiy,40.4272,71.7189,33.22,51,0,2.04,UZ,clear sky,2021-11-07 01:08:26
573,Panaba,21.2833,-88.2667,69.82,85,25,7.02,MX,scattered clouds,2021-11-07 01:08:27
574,Atar,20.5169,-13.0499,73.87,30,4,7.56,MR,clear sky,2021-11-07 01:08:27
575,Misratah,32.3754,15.0925,75.34,54,100,17.25,LY,overcast clouds,2021-11-07 01:08:27
576,Aranos,-24.1333,19.1167,71.83,17,11,7.85,NA,few clouds,2021-11-07 01:08:28
577,Rio Gallegos,-51.6226,-69.2181,51.85,62,75,5.75,AR,broken clouds,2021-11-07 01:08:28
578,Sa Kaeo,13.75,102.3333,78.76,87,77,4.18,TH,broken clouds,2021-11-07 01:08:28
579,Bayeux,-7.125,-34.9322,79.43,89,40,5.75,BR,scattered clouds,2021-11-07 01:08:29
580,Beruwala,6.4788,79.9828,77.92,87,100,13.29,LK,overcast clouds,2021-11-07 01:08:29
581,Ukiah,39.1502,-123.2078,57.56,73,1,8.05,US,clear sky,2021-11-07 01:08:29
582,Zakharovo,54.366,39.2792,39.7,77,100,19.77,RU,light rain,2021-11-07 01:08:30
583,Winslow,35.0242,-110.6974,67.96,21,1,1.99,US,clear sky,2021-11-07 01:08:30
584,Baracoa,20.3467,-74.4958,78.73,80,94,5.28,CU,overcast clouds,2021-11-07 01:08:30
585,Ilo,-17.6394,-71.3375,64.33,84,40,6.64,PE,scattered clouds,2021-11-07 01:08:31
586,Vredendal,-31.6683,18.5012,57.0,68,100,7.31,ZA,overcast clouds,2021-11-07 01:08:31
587,Batemans Bay,-35.7167,150.1833,79.2,60,64,8.46,AU,broken clouds,2021-11-07 01:08:31
588,Slavonski Brod,45.1603,18.0156,46.38,97,92,1.48,HR,light rain,2021-11-07 01:08:32
589,Nerchinskiy Zavod,51.3088,119.61,16.14,50,6,5.66,RU,clear sky,2021-11-07 01:08:32
590,Sakakah,29.9697,40.2064,62.15,36,0,4.9,SA,clear sky,2021-11-07 01:08:32
591,Pop,40.8736,71.1089,34.29,36,0,4.43,UZ,clear sky,2021-11-07 01:08:33
592,Kupang,-10.1667,123.5833,90.18,55,20,6.91,ID,few clouds,2021-11-07 01:08:33
593,Tarauaca,-8.1614,-70.7656,74.55,88,20,1.68,BR,few clouds,2021-11-07 01:08:33
594,Lagos,6.5833,3.75,77.74,88,100,3.29,NG,overcast clouds,2021-11-07 01:08:34
595,Olinda,-8.0089,-34.8553,82.13,74,75,5.75,BR,broken clouds,2021-11-07 01:05:16
596,Darab,28.7519,54.5444,60.04,65,75,1.97,IR,broken clouds,2021-11-07 01:07:17
597,Morgan City,29.6994,-91.2068,58.01,88,1,8.05,US,clear sky,2021-11-07 01:08:34
598,Dunkwa,5.9656,-1.78,73.29,99,56,1.7,GH,broken clouds,2021-11-07 01:08:35
599,Ust-Nera,64.5667,143.2,-11.02,95,100,3.49,RU,overcast clouds,2021-11-07 01:08:35
600,Hovd,48.0056,91.6419,14.47,36,100,1.77,MN,overcast clouds,2021-11-07 01:08:35
601,Yasenskaya,46.3592,38.269,53.67,83,100,10.02,RU,overcast clouds,2021-11-07 01:08:36
602,Lithakia,37.7167,20.8333,64.58,67,100,6.85,GR,overcast clouds,2021-11-07 01:08:36
603,Ambon,-3.6954,128.1814,86.14,70,20,6.91,ID,few clouds,2021-11-07 01:08:36
604,Lyman,48.9884,37.8023,42.24,80,0,6.06,UA,clear sky,2021-11-07 01:08:36
605,Ossora,59.2353,163.0719,20.21,90,29,5.03,RU,scattered clouds,2021-11-07 01:08:37
606,Byron Bay,-28.65,153.6167,78.06,62,49,13.56,AU,scattered clouds,2021-11-07 01:08:37
607,Livingston,55.9029,-3.5226,45.84,75,20,18.41,GB,few clouds,2021-11-07 01:06:49
608,Mecca,21.4267,39.8261,76.24,63,0,2.68,SA,clear sky,2021-11-07 01:07:51
609,Atasu,48.6814,71.6433,25.16,21,46,2.93,KZ,scattered clouds,2021-11-07 01:08:38
610,Aviles,43.5547,-5.9248,48.38,89,0,3.0,ES,clear sky,2021-11-07 01:08:38
611,Kjollefjord,70.9457,27.3465,31.93,64,98,7.63,NO,overcast clouds,2021-11-07 01:08:38
612,Labrea,-7.2586,-64.7981,74.17,96,100,2.89,BR,moderate rain,2021-11-07 01:08:39
613,Boguchany,58.3814,97.4531,22.93,87,100,10.96,RU,overcast clouds,2021-11-07 01:08:39
614,Porto Belo,-27.1578,-48.5531,68.63,92,100,4.9,BR,overcast clouds,2021-11-07 01:08:39
615,Ibipeba,-11.6408,-42.0111,71.38,86,98,1.28,BR,moderate rain,2021-11-07 01:08:40
616,Mogadishu,2.0371,45.3438,78.53,77,16,9.71,SO,few clouds,2021-11-07 01:08:40
617,Los Llanos De Aridane,28.6585,-17.9182,65.95,71,75,14.97,ES,broken clouds,2021-11-07 01:08:41
618,Kajaani,64.2273,27.7285,33.85,86,90,10.36,FI,overcast clouds,2021-11-07 01:08:41
619,Vao,-22.6667,167.4833,69.48,61,0,8.75,NC,clear sky,2021-11-07 01:08:42
620,Ulaangom,49.9811,92.0667,12.72,70,100,2.89,MN,overcast clouds,2021-11-07 01:07:09
621,Elmina,5.0898,-1.348,78.87,86,36,5.17,GH,scattered clouds,2021-11-07 01:08:42
622,Tessalit,20.1986,1.0114,79.23,19,84,6.87,ML,broken clouds,2021-11-07 01:08:43
623,Maumere,-8.6199,122.2111,85.82,69,86,1.74,ID,overcast clouds,2021-11-07 01:08:43
624,Verkhnyaya Sinyachikha,57.976,61.6673,34.23,77,100,14.85,RU,overcast clouds,2021-11-07 01:08:43
625,Sfantu Gheorghe,45.8667,25.7833,56.26,88,93,0.43,RO,overcast clouds,2021-11-07 01:08:44
626,Raduzhnyy,62.0961,77.475,33.62,95,100,15.88,RU,overcast clouds,2021-11-07 01:08:44
627,Askiz,53.1319,90.5264,20.7,79,94,7.49,RU,overcast clouds,2021-11-07 01:08:45
628,Mount Isa,-20.7333,139.5,85.77,45,75,11.5,AU,light rain,2021-11-07 01:08:45
629,Cherepovets,59.1333,37.9,35.26,91,95,7.43,RU,overcast clouds,2021-11-07 01:08:45
630,Prince George,53.9166,-122.753,33.62,99,90,0.0,CA,mist,2021-11-07 01:08:45
631,Peace River,56.2501,-117.286,30.74,82,1,4.5,CA,clear sky,2021-11-07 01:08:46
632,Sola,-13.8833,167.55,81.09,72,82,4.85,VU,broken clouds,2021-11-07 01:08:03
633,Viedma,-40.8135,-62.9967,58.35,49,100,16.24,AR,overcast clouds,2021-11-07 01:08:46
634,Ayan,56.45,138.1667,19.9,55,8,23.13,RU,clear sky,2021-11-07 01:08:47
635,Banda Aceh,5.5577,95.3222,77.29,88,100,1.7,ID,overcast clouds,2021-11-07 01:08:47
636,Santa Cruz De La Palma,28.6835,-17.7642,69.94,73,75,14.97,ES,broken clouds,2021-11-07 01:08:47
637,Esna,25.2934,32.554,74.48,36,0,7.43,EG,clear sky,2021-11-07 01:08:48
638,Esil,51.9556,66.4042,29.08,25,98,14.81,KZ,overcast clouds,2021-11-07 01:08:48
639,Sangar,63.9242,127.4739,-1.53,97,100,2.26,RU,overcast clouds,2021-11-07 01:08:48
640,San Policarpo,12.1791,125.5072,82.26,84,100,12.1,PH,light rain,2021-11-07 01:08:49
641,Baykit,61.67,96.37,22.75,94,100,8.52,RU,light snow,2021-11-07 01:08:49
642,Bereda,43.2686,-7.5406,41.0,98,14,3.31,ES,few clouds,2021-11-07 01:08:50
643,San Borja,-14.8167,-66.85,65.82,83,100,5.35,BO,overcast clouds,2021-11-07 01:08:50
644,Tura,25.5198,90.2201,63.59,88,6,3.51,IN,clear sky,2021-11-07 01:08:50
645,Papara,-3.9839,-38.7273,79.68,88,100,3.62,BR,overcast clouds,2021-11-07 01:08:51
646,Truth Or Consequences,33.1284,-107.2528,71.83,19,1,6.91,US,clear sky,2021-11-07 01:05:34
647,Steinbach,50.1667,8.5667,43.75,92,75,4.0,DE,broken clouds,2021-11-07 01:08:52
648,Tanabe,33.7333,135.3667,66.4,61,0,4.68,JP,clear sky,2021-11-07 01:08:52
649,Iskateley,67.6803,53.1512,30.65,97,100,12.91,RU,light snow,2021-11-07 01:08:53
650,Rabo De Peixe,37.8,-25.5833,67.51,85,20,19.57,PT,few clouds,2021-11-07 01:08:53
651,Bairiki,1.3292,172.9752,87.8,62,20,11.5,KI,few clouds,2021-11-07 01:08:53
652,Comodoro Rivadavia,-45.8667,-67.5,73.26,16,0,13.8,AR,clear sky,2021-11-07 01:08:24
653,Guymon,36.6828,-101.4816,66.22,37,1,16.11,US,clear sky,2021-11-07 01:08:54
654,Marsh Harbour,26.5412,-77.0636,74.59,70,100,19.15,BS,overcast clouds,2021-11-07 01:08:54
655,Ancud,-41.8697,-73.8203,51.42,90,7,7.56,CL,clear sky,2021-11-07 01:08:54
656,Aykhal,66.0,111.5,4.64,94,100,16.13,RU,overcast clouds,2021-11-07 01:08:55
657,Salinopolis,-0.6136,-47.3561,80.04,84,85,9.6,BR,overcast clouds,2021-11-07 01:08:55
658,Severobaykalsk,55.65,109.3167,19.42,70,83,4.52,RU,broken clouds,2021-11-07 01:08:55
659,Caronport,50.4501,-105.8179,39.69,55,55,6.44,CA,broken clouds,2021-11-07 01:08:56
660,Danane,7.2596,-8.155,70.48,97,100,1.03,CI,overcast clouds,2021-11-07 01:08:56
661,Srednekolymsk,67.45,153.6833,4.77,94,100,7.9,RU,overcast clouds,2021-11-07 01:08:56
662,Waddan,29.1614,16.139,70.2,30,7,10.69,LY,clear sky,2021-11-07 01:08:57
663,Flinders,-34.5833,150.8552,74.17,77,99,1.01,AU,light rain,2021-11-07 01:08:57
664,Kralendijk,12.15,-68.2667,82.38,78,75,14.97,BQ,broken clouds,2021-11-07 01:08:57
665,Honningsvag,70.9821,25.9704,35.51,58,99,13.09,NO,overcast clouds,2021-11-07 01:08:58
666,Treinta Y Tres,-33.2333,-54.3833,50.65,89,4,6.22,UY,clear sky,2021-11-07 01:08:58
667,Barry,51.4067,-3.2694,53.82,84,75,13.8,GB,broken clouds,2021-11-07 01:08:58
668,Marienburg,54.0359,19.0266,49.66,73,100,15.82,PL,overcast clouds,2021-11-07 01:08:59
669,Shunyi,40.125,116.6453,26.55,93,90,17.9,CN,light snow,2021-11-07 01:08:59
670,Zhireken,52.8249,117.3076,13.71,72,10,4.43,RU,clear sky,2021-11-07 01:08:59
671,Cap Malheureux,-19.9842,57.6142,73.47,80,0,3.0,MU,clear sky,2021-11-07 01:09:00
672,Taksimo,56.3444,114.8794,11.64,79,100,1.21,RU,overcast clouds,2021-11-07 01:09:00
673,Rafina,38.0181,24.006,70.56,74,20,1.14,GR,few clouds,2021-11-07 01:09:00
674,Aleksandrov Gay,50.147,48.5704,38.12,55,100,14.97,RU,overcast clouds,2021-11-07 01:09:01
675,San Pedro,14.35,121.0167,85.32,73,23,8.21,PH,few clouds,2021-11-07 01:09:01
676,Verkhoyansk,67.5447,133.385,-15.09,89,25,5.5,RU,scattered clouds,2021-11-07 01:09:02
677,Moussoro,13.6408,16.4901,82.72,17,5,11.16,TD,clear sky,2021-11-07 01:09:03
678,Agadez,19.75,10.25,73.42,15,0,3.53,NE,clear sky,2021-11-07 01:09:03
679,Kudahuvadhoo,2.6708,72.8944,81.79,77,83,16.2,MV,broken clouds,2021-11-07 01:09:03
680,Tecpan,14.7623,-90.9947,54.45,98,86,5.82,GT,overcast clouds,2021-11-07 01:09:04
681,Pocinhos,-7.0767,-36.0611,70.29,90,39,11.65,BR,scattered clouds,2021-11-07 01:09:04
682,Vagay,57.9375,69.0217,35.37,77,100,13.15,RU,overcast clouds,2021-11-07 01:09:04
683,Prado,-17.3411,-39.2208,72.63,81,38,7.27,BR,scattered clouds,2021-11-07 01:09:05
684,Mehamn,71.0357,27.8492,31.17,68,99,7.63,NO,overcast clouds,2021-11-07 01:09:05
685,Chinhoyi,-17.3667,30.2,71.53,38,0,5.03,ZW,clear sky,2021-11-07 01:09:05
686,Redcliffe,-27.2307,153.0973,83.48,64,40,16.11,AU,scattered clouds,2021-11-07 01:09:06
687,Mangrol,21.1167,70.1167,75.63,40,42,10.49,IN,scattered clouds,2021-11-07 01:09:06
688,Manono,-7.3,27.4167,68.86,77,100,0.43,CD,overcast clouds,2021-11-07 01:09:06
689,Havre,49.5833,0.3333,48.6,89,100,17.38,FR,overcast clouds,2021-11-07 01:09:07
690,Lodwar,3.1191,35.5973,82.22,51,40,15.61,KE,scattered clouds,2021-11-07 01:04:22
691,Port Angeles,48.1181,-123.4307,48.13,92,75,8.05,US,light intensity drizzle,2021-11-07 01:09:07
692,Juba,4.8517,31.5825,74.21,68,22,2.04,SS,few clouds,2021-11-07 01:09:07
693,Dharchula,29.85,80.5333,51.57,31,55,8.14,IN,broken clouds,2021-11-07 01:09:08
694,Songjianghe,42.1859,127.479,39.78,81,100,0.51,CN,overcast clouds,2021-11-07 01:09:08
695,Stykkisholmur,65.0757,-22.7297,32.88,79,100,18.97,IS,light snow,2021-11-07 01:09:08
696,Sao Jose Da Coroa Grande,-8.8978,-35.1478,78.35,87,26,10.0,BR,scattered clouds,2021-11-07 01:09:09
697,San Lawrenz,36.0553,14.204,71.85,77,100,7.0,MT,overcast clouds,2021-11-07 01:09:09
698,Bath,51.3779,-2.3591,53.89,90,97,10.45,GB,overcast clouds,2021-11-07 01:07:42
699,Aleksandrovka,46.8383,32.7612,45.86,67,100,5.93,UA,overcast clouds,2021-11-07 01:09:10
700,China,25.7,-99.2333,68.27,56,0,4.25,MX,clear sky,2021-11-07 01:04:14
701,Luan,46.3592,6.9759,31.68,80,24,1.99,CH,few clouds,2021-11-07 01:09:10
702,Monduli,-3.3,36.45,62.11,61,85,5.03,TZ,overcast clouds,2021-11-07 01:09:10
703,Miri,4.4148,114.0089,78.48,88,100,3.42,MY,overcast clouds,2021-11-07 01:09:11
704,Marfino,55.7028,37.3822,43.88,80,20,24.61,RU,few clouds,2021-11-07 01:09:11
705,Llanes,43.4198,-4.7549,44.87,72,13,4.65,ES,few clouds,2021-11-07 01:09:11
706,Labuan,5.2767,115.2417,80.76,82,82,5.12,MY,broken clouds,2021-11-07 01:09:12
707,Yashan,22.1975,109.9419,77.05,79,6,2.35,CN,clear sky,2021-11-07 01:09:12
708,Galesong,-5.3166,119.3661,84.22,73,99,2.64,ID,overcast clouds,2021-11-07 01:09:12
709,Nguruka,-5.1092,31.0419,66.42,49,57,1.03,TZ,broken clouds,2021-11-07 01:09:13
710,Spas-Klepiki,55.1347,40.1767,43.12,84,100,15.23,RU,light rain,2021-11-07 01:09:13
711,Vryburg,-26.9566,24.7284,67.62,22,7,7.27,ZA,clear sky,2021-11-07 01:09:13
